<?xml version="1.0" encoding="UTF-8"?>
<TrackingData>
    <Sensors>
        <Sensor subtype="ML3D" type="FeatureBasedSensorSource">
            <SensorID>FeatureBasedSensorSource_0</SensorID>
            <Parameters>
                <featureorientationassignment>gravity</featureorientationassignment>
                <MaxObjectsToDetectPerFrame>5</MaxObjectsToDetectPerFrame>
                <MaxObjectsToTrackInParallel>1</MaxObjectsToTrackInParallel>
            </Parameters>
            <SensorCOS>
                <SensorCosID>06f4c79f49cd363bcd7ce245329765e9</SensorCosID>
                <parameters>
                    <numextensiblefeatures>0</numextensiblefeatures>
                    <mintriangulationangle>6</mintriangulationangle>
                    <map>06f4c79f49cd363bcd7ce245329765e9.f3b</map>
                    <MinMatches>15</MinMatches>
                    <NumExtensibleFeatures>250</NumExtensibleFeatures>
                </parameters>
            </SensorCOS>
            <SensorCOS>
                <SensorCosID>891f1f696877c5ffdfe1ec4634381720</SensorCosID>
                <parameters>
                    <numextensiblefeatures>0</numextensiblefeatures>
                    <mintriangulationangle>6</mintriangulationangle>
                    <map>891f1f696877c5ffdfe1ec4634381720.f3b</map>
                    <MinMatches>15</MinMatches>
                    <NumExtensibleFeatures>250</NumExtensibleFeatures>
                </parameters>
            </SensorCOS>
            <SensorCOS>
                <SensorCosID>4e53d708a819cae32ba5995f4a96349b</SensorCosID>
                <parameters>
                    <numextensiblefeatures>0</numextensiblefeatures>
                    <mintriangulationangle>6</mintriangulationangle>
                    <map>4e53d708a819cae32ba5995f4a96349b.f3b</map>
                    <MinMatches>15</MinMatches>
                    <NumExtensibleFeatures>250</NumExtensibleFeatures>
                </parameters>
            </SensorCOS>
            <SensorCOS>
                <SensorCosID>6b78c504d5bd3fc139cee66ee783a9c5</SensorCosID>
                <parameters>
                    <numextensiblefeatures>0</numextensiblefeatures>
                    <mintriangulationangle>6</mintriangulationangle>
                    <map>6b78c504d5bd3fc139cee66ee783a9c5.f3b</map>
                    <MinMatches>15</MinMatches>
                    <NumExtensibleFeatures>250</NumExtensibleFeatures>
                </parameters>
            </SensorCOS>
        </Sensor>
    </Sensors>
    <Connections>
        <COS>
            <Name>map-20140612131409_1</Name>
            <Fuser type="SmoothingFuser">
                <Parameters>
                    <AlphaRotation>0.8</AlphaRotation>
                    <AlphaTranslation>1</AlphaTranslation>
                    <GammaRotation>0.8</GammaRotation>
                    <GammaTranslation>1</GammaTranslation>
                    <KeepPoseForNumberOfFrames>0</KeepPoseForNumberOfFrames>
                </Parameters>
            </Fuser>
            <SensorSource trigger="1">
                <SensorID>FeatureBasedSensorSource_0</SensorID>
                <SensorCosID>06f4c79f49cd363bcd7ce245329765e9</SensorCosID>
                <HandEyeCalibration>
                    <TranslationOffset>
                        <x>0</x>
                        <y>0</y>
                        <z>0</z>
                    </TranslationOffset>
                    <RotationOffset>
                        <x>0</x>
                        <y>0</y>
                        <z>0</z>
                        <w>1</w>
                    </RotationOffset>
                </HandEyeCalibration>
                <COSOffset>
                    <TranslationOffset>
                        <x>0</x>
                        <y>0</y>
                        <z>0</z>
                    </TranslationOffset>
                    <RotationOffset>
                        <x>0</x>
                        <y>0</y>
                        <z>0</z>
                        <w>1</w>
                    </RotationOffset>
                </COSOffset>
            </SensorSource>
        </COS>
        <COS>
            <Name>map-20140612130752_2</Name>
            <Fuser type="SmoothingFuser">
                <Parameters>
                    <AlphaRotation>0.8</AlphaRotation>
                    <AlphaTranslation>1</AlphaTranslation>
                    <GammaRotation>0.8</GammaRotation>
                    <GammaTranslation>1</GammaTranslation>
                    <KeepPoseForNumberOfFrames>0</KeepPoseForNumberOfFrames>
                </Parameters>
            </Fuser>
            <SensorSource trigger="1">
                <SensorID>FeatureBasedSensorSource_0</SensorID>
                <SensorCosID>891f1f696877c5ffdfe1ec4634381720</SensorCosID>
                <HandEyeCalibration>
                    <TranslationOffset>
                        <x>0</x>
                        <y>0</y>
                        <z>0</z>
                    </TranslationOffset>
                    <RotationOffset>
                        <x>0</x>
                        <y>0</y>
                        <z>0</z>
                        <w>1</w>
                    </RotationOffset>
                </HandEyeCalibration>
                <COSOffset>
                    <TranslationOffset>
                        <x>0</x>
                        <y>0</y>
                        <z>0</z>
                    </TranslationOffset>
                    <RotationOffset>
                        <x>0</x>
                        <y>0</y>
                        <z>0</z>
                        <w>1</w>
                    </RotationOffset>
                </COSOffset>
            </SensorSource>
        </COS>
        <COS>
            <Name>map-20140612130359_3</Name>
            <Fuser type="SmoothingFuser">
                <Parameters>
                    <AlphaRotation>0.8</AlphaRotation>
                    <AlphaTranslation>1</AlphaTranslation>
                    <GammaRotation>0.8</GammaRotation>
                    <GammaTranslation>1</GammaTranslation>
                    <KeepPoseForNumberOfFrames>0</KeepPoseForNumberOfFrames>
                </Parameters>
            </Fuser>
            <SensorSource trigger="1">
                <SensorID>FeatureBasedSensorSource_0</SensorID>
                <SensorCosID>4e53d708a819cae32ba5995f4a96349b</SensorCosID>
                <HandEyeCalibration>
                    <TranslationOffset>
                        <x>0</x>
                        <y>0</y>
                        <z>0</z>
                    </TranslationOffset>
                    <RotationOffset>
                        <x>0</x>
                        <y>0</y>
                        <z>0</z>
                        <w>1</w>
                    </RotationOffset>
                </HandEyeCalibration>
                <COSOffset>
                    <TranslationOffset>
                        <x>0</x>
                        <y>0</y>
                        <z>0</z>
                    </TranslationOffset>
                    <RotationOffset>
                        <x>0</x>
                        <y>0</y>
                        <z>0</z>
                        <w>1</w>
                    </RotationOffset>
                </COSOffset>
            </SensorSource>
        </COS>
        <COS>
            <Name>map-20140612131409_4</Name>
            <Fuser type="SmoothingFuser">
                <Parameters>
                    <AlphaRotation>0.8</AlphaRotation>
                    <AlphaTranslation>1</AlphaTranslation>
                    <GammaRotation>0.8</GammaRotation>
                    <GammaTranslation>1</GammaTranslation>
                    <KeepPoseForNumberOfFrames>0</KeepPoseForNumberOfFrames>
                </Parameters>
            </Fuser>
            <SensorSource trigger="1">
                <SensorID>FeatureBasedSensorSource_0</SensorID>
                <SensorCosID>6b78c504d5bd3fc139cee66ee783a9c5</SensorCosID>
                <HandEyeCalibration>
                    <TranslationOffset>
                        <x>0</x>
                        <y>0</y>
                        <z>0</z>
                    </TranslationOffset>
                    <RotationOffset>
                        <x>0</x>
                        <y>0</y>
                        <z>0</z>
                        <w>1</w>
                    </RotationOffset>
                </HandEyeCalibration>
                <COSOffset>
                    <TranslationOffset>
                        <x>0</x>
                        <y>0</y>
                        <z>0</z>
                    </TranslationOffset>
                    <RotationOffset>
                        <x>0</x>
                        <y>0</y>
                        <z>0</z>
                        <w>1</w>
                    </RotationOffset>
                </COSOffset>
            </SensorSource>
        </COS>
    </Connections>
</TrackingData>
