<?xml version="1.0" encoding="UTF-8"?>
<TrackingData>
    <Sensors>
        <Sensor type="FeatureBasedSensorSource" subtype="ML3D">
            <SensorID>FeatureBasedSensorSource_0</SensorID>
            <Parameters>
                <featureorientationassignment>gravity</featureorientationassignment>
                <MaxObjectsToDetectPerFrame>5</MaxObjectsToDetectPerFrame>
                <MaxObjectsToTrackInParallel>1</MaxObjectsToTrackInParallel>
            </Parameters>
            <SensorCOS>
                <SensorCosID>92953fa75a105cdcea1c2e7b2b42648b</SensorCosID>
                <parameters>
                    <numextensiblefeatures>0</numextensiblefeatures>
                    <mintriangulationangle>6</mintriangulationangle>
                    <map>92953fa75a105cdcea1c2e7b2b42648b.f3b</map>
                    <MinMatches>15</MinMatches>
                    <NumExtensibleFeatures>250</NumExtensibleFeatures>
                </parameters>
            </SensorCOS>
            <SensorCOS>
                <SensorCosID>7ddf9a9a296f8de1421ecf9ff409a0f7</SensorCosID>
                <parameters>
                    <numextensiblefeatures>0</numextensiblefeatures>
                    <mintriangulationangle>6</mintriangulationangle>
                    <map>7ddf9a9a296f8de1421ecf9ff409a0f7.f3b</map>
                    <MinMatches>15</MinMatches>
                    <NumExtensibleFeatures>250</NumExtensibleFeatures>
                </parameters>
            </SensorCOS>
        </Sensor>
    </Sensors>
    <Connections>
        <COS>
            <Name>map-20140407132526_1_1</Name>
            <Fuser type="SmoothingFuser">
                <Parameters>
                    <AlphaRotation>0.8</AlphaRotation>
                    <AlphaTranslation>1</AlphaTranslation>
                    <GammaRotation>0.8</GammaRotation>
                    <GammaTranslation>1</GammaTranslation>
                    <KeepPoseForNumberOfFrames>0</KeepPoseForNumberOfFrames>
                </Parameters>
            </Fuser>
            <SensorSource trigger="1">
                <SensorID>FeatureBasedSensorSource_0</SensorID>
                <SensorCosID>92953fa75a105cdcea1c2e7b2b42648b</SensorCosID>
                <HandEyeCalibration>
                    <TranslationOffset>
                        <x>0</x>
                        <y>0</y>
                        <z>0</z>
                    </TranslationOffset>
                    <RotationOffset>
                        <x>0</x>
                        <y>0</y>
                        <z>0</z>
                        <w>1</w>
                    </RotationOffset>
                </HandEyeCalibration>
                <COSOffset>
                    <TranslationOffset>
                        <x>0</x>
                        <y>0</y>
                        <z>0</z>
                    </TranslationOffset>
                    <RotationOffset>
                        <x>0</x>
                        <y>0</y>
                        <z>0</z>
                        <w>1</w>
                    </RotationOffset>
                </COSOffset>
            </SensorSource>
        </COS>
        <COS>
            <Name>map-20140407132526_2_2</Name>
            <Fuser type="SmoothingFuser">
                <Parameters>
                    <AlphaRotation>0.8</AlphaRotation>
                    <AlphaTranslation>1</AlphaTranslation>
                    <GammaRotation>0.8</GammaRotation>
                    <GammaTranslation>1</GammaTranslation>
                    <KeepPoseForNumberOfFrames>0</KeepPoseForNumberOfFrames>
                </Parameters>
            </Fuser>
            <SensorSource trigger="1">
                <SensorID>FeatureBasedSensorSource_0</SensorID>
                <SensorCosID>7ddf9a9a296f8de1421ecf9ff409a0f7</SensorCosID>
                <HandEyeCalibration>
                    <TranslationOffset>
                        <x>0</x>
                        <y>0</y>
                        <z>0</z>
                    </TranslationOffset>
                    <RotationOffset>
                        <x>0</x>
                        <y>0</y>
                        <z>0</z>
                        <w>1</w>
                    </RotationOffset>
                </HandEyeCalibration>
                <COSOffset>
                    <TranslationOffset>
                        <x>0</x>
                        <y>0</y>
                        <z>0</z>
                    </TranslationOffset>
                    <RotationOffset>
                        <x>0</x>
                        <y>0</y>
                        <z>0</z>
                        <w>1</w>
                    </RotationOffset>
                </COSOffset>
            </SensorSource>
        </COS>
    </Connections>
</TrackingData>
