<?xml version="1.0" encoding="UTF-8"?>
<TrackingData>
    <Sensors>
        <Sensor Subtype="ML3D" Type="FeatureBasedSensorSource">
            <SensorID>FeatureBasedSensorSource_0</SensorID>
            <Parameters>
                <featureorientationassignment>gravity</featureorientationassignment>
                <MaxObjectsToDetectPerFrame>5</MaxObjectsToDetectPerFrame>
                <MaxObjectsToTrackInParallel>1</MaxObjectsToTrackInParallel>
            </Parameters>
            <SensorCOS>
                <SensorCosID>891f1f696877c5ffdfe1ec4634381720</SensorCosID>
                <parameters>
                    <numextensiblefeatures>0</numextensiblefeatures>
                    <mintriangulationangle>6</mintriangulationangle>
                    <map>891f1f696877c5ffdfe1ec4634381720.f3b</map>
                    <MinMatches>15</MinMatches>
                    <NumExtensibleFeatures>250</NumExtensibleFeatures>
                </parameters>
            </SensorCOS>
            <SensorCOS>
                <SensorCosID>4e53d708a819cae32ba5995f4a96349b</SensorCosID>
                <parameters>
                    <numextensiblefeatures>0</numextensiblefeatures>
                    <mintriangulationangle>6</mintriangulationangle>
                    <map>4e53d708a819cae32ba5995f4a96349b.f3b</map>
                    <MinMatches>15</MinMatches>
                    <NumExtensibleFeatures>250</NumExtensibleFeatures>
                </parameters>
            </SensorCOS>
            <SensorCOS>
                <SensorCosID>f36dd37870199caa5c45aaf4f52344ec</SensorCosID>
                <parameters>
                    <numextensiblefeatures>0</numextensiblefeatures>
                    <mintriangulationangle>6</mintriangulationangle>
                    <map>f36dd37870199caa5c45aaf4f52344ec.f3b</map>
                    <MinMatches>15</MinMatches>
                    <NumExtensibleFeatures>250</NumExtensibleFeatures>
                </parameters>
            </SensorCOS>
            <SensorCOS>
                <SensorCosID>41f6f5265e18a44b08d9bc1587522195</SensorCosID>
                <parameters>
                    <numextensiblefeatures>0</numextensiblefeatures>
                    <mintriangulationangle>6</mintriangulationangle>
                    <map>41f6f5265e18a44b08d9bc1587522195.f3b</map>
                    <MinMatches>15</MinMatches>
                    <NumExtensibleFeatures>250</NumExtensibleFeatures>
                </parameters>
            </SensorCOS>
        </Sensor>
    </Sensors>
    <Connections>
        <COS>
            <Name>map-20140612130752_1</Name>
            <Fuser Type="SmoothingFuser">
                <Parameters>
                    <AlphaRotation>0.8</AlphaRotation>
                    <AlphaTranslation>1.0</AlphaTranslation>
                    <GammaRotation>0.8</GammaRotation>
                    <GammaTranslation>1.0</GammaTranslation>
                    <KeepPoseForNumberOfFrames>0</KeepPoseForNumberOfFrames>
                </Parameters>
            </Fuser>
            <SensorSource>
                <SensorID>FeatureBasedSensorSource_0</SensorID>
                <SensorCosID>891f1f696877c5ffdfe1ec4634381720</SensorCosID>
                <HandEyeCalibration>
                    <TranslationOffset>
                        <x>0.0</x>
                        <y>0.0</y>
                        <z>0.0</z>
                    </TranslationOffset>
                    <RotationOffset>
                        <x>0.0</x>
                        <y>0.0</y>
                        <z>0.0</z>
                        <w>1.0</w>
                    </RotationOffset>
                </HandEyeCalibration>
                <COSOffset>
                    <TranslationOffset>
                        <x>0.0</x>
                        <y>0.0</y>
                        <z>0.0</z>
                    </TranslationOffset>
                    <RotationOffset>
                        <x>0.0</x>
                        <y>0.0</y>
                        <z>0.0</z>
                        <w>1.0</w>
                    </RotationOffset>
                </COSOffset>
            </SensorSource>
        </COS>
        <COS>
            <Name>map-20140612130359_2</Name>
            <Fuser Type="SmoothingFuser">
                <Parameters>
                    <AlphaRotation>0.8</AlphaRotation>
                    <AlphaTranslation>1.0</AlphaTranslation>
                    <GammaRotation>0.8</GammaRotation>
                    <GammaTranslation>1.0</GammaTranslation>
                    <KeepPoseForNumberOfFrames>0</KeepPoseForNumberOfFrames>
                </Parameters>
            </Fuser>
            <SensorSource>
                <SensorID>FeatureBasedSensorSource_0</SensorID>
                <SensorCosID>4e53d708a819cae32ba5995f4a96349b</SensorCosID>
                <HandEyeCalibration>
                    <TranslationOffset>
                        <x>0.0</x>
                        <y>0.0</y>
                        <z>0.0</z>
                    </TranslationOffset>
                    <RotationOffset>
                        <x>0.0</x>
                        <y>0.0</y>
                        <z>0.0</z>
                        <w>1.0</w>
                    </RotationOffset>
                </HandEyeCalibration>
                <COSOffset>
                    <TranslationOffset>
                        <x>0.0</x>
                        <y>0.0</y>
                        <z>0.0</z>
                    </TranslationOffset>
                    <RotationOffset>
                        <x>0.0</x>
                        <y>0.0</y>
                        <z>0.0</z>
                        <w>1.0</w>
                    </RotationOffset>
                </COSOffset>
            </SensorSource>
        </COS>
        <COS>
            <Name>NJ_LMan_Man_3</Name>
            <Fuser Type="SmoothingFuser">
                <Parameters>
                    <AlphaRotation>0.8</AlphaRotation>
                    <AlphaTranslation>1.0</AlphaTranslation>
                    <GammaRotation>0.8</GammaRotation>
                    <GammaTranslation>1.0</GammaTranslation>
                    <KeepPoseForNumberOfFrames>0</KeepPoseForNumberOfFrames>
                </Parameters>
            </Fuser>
            <SensorSource>
                <SensorID>FeatureBasedSensorSource_0</SensorID>
                <SensorCosID>f36dd37870199caa5c45aaf4f52344ec</SensorCosID>
                <HandEyeCalibration>
                    <TranslationOffset>
                        <x>0.0</x>
                        <y>0.0</y>
                        <z>0.0</z>
                    </TranslationOffset>
                    <RotationOffset>
                        <x>0.0</x>
                        <y>0.0</y>
                        <z>0.0</z>
                        <w>1.0</w>
                    </RotationOffset>
                </HandEyeCalibration>
                <COSOffset>
                    <TranslationOffset>
                        <x>0.0</x>
                        <y>0.0</y>
                        <z>0.0</z>
                    </TranslationOffset>
                    <RotationOffset>
                        <x>0.0</x>
                        <y>0.0</y>
                        <z>0.0</z>
                        <w>1.0</w>
                    </RotationOffset>
                </COSOffset>
            </SensorSource>
        </COS>
        <COS>
            <Name>flowerTarget_4</Name>
            <Fuser Type="SmoothingFuser">
                <Parameters>
                    <AlphaRotation>0.8</AlphaRotation>
                    <AlphaTranslation>1.0</AlphaTranslation>
                    <GammaRotation>0.8</GammaRotation>
                    <GammaTranslation>1.0</GammaTranslation>
                    <KeepPoseForNumberOfFrames>0</KeepPoseForNumberOfFrames>
                </Parameters>
            </Fuser>
            <SensorSource>
                <SensorID>FeatureBasedSensorSource_0</SensorID>
                <SensorCosID>41f6f5265e18a44b08d9bc1587522195</SensorCosID>
                <HandEyeCalibration>
                    <TranslationOffset>
                        <x>0.0</x>
                        <y>0.0</y>
                        <z>0.0</z>
                    </TranslationOffset>
                    <RotationOffset>
                        <x>0.0</x>
                        <y>0.0</y>
                        <z>0.0</z>
                        <w>1.0</w>
                    </RotationOffset>
                </HandEyeCalibration>
                <COSOffset>
                    <TranslationOffset>
                        <x>0.0</x>
                        <y>0.0</y>
                        <z>0.0</z>
                    </TranslationOffset>
                    <RotationOffset>
                        <x>0.0</x>
                        <y>0.0</y>
                        <z>0.0</z>
                        <w>1.0</w>
                    </RotationOffset>
                </COSOffset>
            </SensorSource>
        </COS>
    </Connections>
</TrackingData>
